<?xml version="1.0" encoding="UTF-8"?>
<project-private xmlns="http://www.netbeans.org/ns/project-private/1">
    <editor-bookmarks xmlns="http://www.netbeans.org/ns/editor-bookmarks/2" lastBookmarkId="0"/>
    <open-files xmlns="http://www.netbeans.org/ns/projectui-open-files/2">
        <group>
            <file>file:/C:/Users/user/Desktop/java%20script/WellBeing/src/Quit.java</file>
            <file>file:/C:/Users/user/Desktop/java%20script/WellBeing/src/Work.java</file>
            <file>file:/C:/Users/user/Desktop/java%20script/WellBeing/src/A.java</file>
            <file>file:/C:/Users/user/Desktop/java%20script/WellBeing/src/Emotional.java</file>
            <file>file:/C:/Users/user/Desktop/java%20script/WellBeing/src/ImproveStamina.java</file>
            <file>file:/C:/Users/user/Desktop/java%20script/WellBeing/src/Improve.java</file>
            <file>file:/C:/Users/user/Desktop/java%20script/WellBeing/src/Financial.java</file>
            <file>file:/C:/Users/user/Desktop/java%20script/WellBeing/src/mysqlconnect.java</file>
            <file>file:/C:/Users/user/Desktop/java%20script/WellBeing/src/Reduce.java</file>
            <file>file:/C:/Users/user/Desktop/java%20script/WellBeing/src/Index.java</file>
            <file>file:/C:/Users/user/Desktop/java%20script/WellBeing/src/MenuJFrame.java</file>
            <file>file:/C:/Users/user/Desktop/java%20script/WellBeing/src/Weight.java</file>
            <file>file:/C:/Users/user/Desktop/java%20script/WellBeing/src/Finish.java</file>
        </group>
    </open-files>
</project-private>
